AlphaBot Top 100 Crypto Coin Signals,,,,
,,,,
SYMBOL,STOCK NAME,SENTIMENT,TREND SCORE,SIGNAL
BTC,BITCOIN,,,
ETH,ETHEREUM,,,
BNB,BINANCE COIN,,,
SOL,SOLANA,,,
TRX,TRON,,,
DOGE,DOGECOIN,,,
ADA,CARDANO,,,
SUI,SUI,,,
XLM,STELLAR,,,
LINK,CHAINLINK,,,
BCH,BITCOIN CASH,,,
TON,TON COIN,,,
LTC,LITECOIN,,,
DOT,POLKADOT,,,
XMR,MONERO,,,
ETC,ETHEREUM CLASSIC,,,
NEAR,NEAR PROTOCOL,,,
KAS,KASPA,,,
FTN,FASTTOKEN,,,
ALGO,ALGORAND,,,
VET,VECHAIN,,,
ATOM,COSMOS,,,
FIL,FILECOIN,,,
QNT,QUANT,,,
TIA,CELESTIA,,,
STX,STACKS,,,
CFX,CONFLUX,,,
KAIA,KAIA,,,
XTZ,TEZOS,,,
A,VAULTA,,,
EOS,EOS,,,
MIOTA,IOTA,,,
ZEC,ZCASH,,,
FLOW,FLOW,,,
BDX,BELDEX,,,
MANA,DECENTRALAND,,,
KLAY,KLAYTN,,,
HNT,HELIUM,,,
BCHSV,BITCOIN SV,,,
KAVA,KAVA,,,
NEO,NEO,,,
AIOZ,AIOZ NETWORK,,,
AXL,AXELAR,,,
RON,RONIN,,,
QUBIC,QUBIC,,,
CTC,CREDITCOIN,,,
IOTX,IOTEX,,,
DCR,DECRED,,,
TFUEL,THETA FUEL,,,
DASH,DASH,,,
CKB,NERVOS NETWORK,,,
GLM,GOLEM,,,
QTUM,QTUM,,,
ZIL,ZILLIQA,,,
RVN,RAVENCOIN,,,
ZRX,0X,,,
VENOM,VENOM,,,
SAHARA,SAHARA AI,,,
PLUME,PLUME,,,
SC,SIACOIN,,,
OCEAN,OCEAN PROTOCOL,,,
HOT,HOLO,,,
CSPR,CASPER NETWORK,,,
ONE,HARMONY,,,
DGB,DIGIBYTE,,,
ZANO,ZANO,,,
ICX,ICON,,,
ZIG,ZIGNALY,,,
ZEN,HORIZEN,,,
KDA,KADENA,,,
VANA,VANA,,,
WAVES,WAVES,,,
ONT,ONTOLOGY,,,
NANO,NANO,,,
COTI,COTI,,,
GLM,GRAVITY,,,
SKL,SKALE NETWORK,,,
DAG,CONSTELLATION,,,
STORJ,STORJ,,,
LCX,LCX,,,
XVG,VERGE,,,
TRB,TELLOR,,,
BICO,BICONOMY,,,
DIA,DIA,,,
STRAX,STRATIS(NEW),,,
ARDR,ARDOR,,,
AEVO,AEVO,,,
FLUX,FLUX,,,
ARK,ARK,,,
DYM,DYMENSION,,,
LSK,LISK,,,
ERG,ERGO,,,
CGPT,CHAINGPT,,,
CYBER,CYBERCONNECT,,,
AGI,DELYSIUM,,,
CHR,CHROMIA,,,
TAIKO,TAIKO,,,
STEEM,STEEM,,,
RLC,IEXEC RLC,,,
BB,BOUNCEBIT,,,
